CreatorLens 20 条演示数据 单品：轻盈Go便携榨汁杯｜合成测试数据，不代表真实账号表现,,,,,,,,,,,,,,,,,,,,,,,,,,,,,,,
黄色：用户输入字段｜带 *：硬性必填｜标题/脚本/Hook 至少一项｜完播率/平均播放时长/5秒留存至少推荐一项,,,,,,,,,,,,,,,,,,,,,,,,,,灰色：系统派生字段（公式自动计算）,,,,,
video_id*,publish_date,product_name,category*,price_band,target_audience,title,script_or_subtitle,hook_text,duration_seconds,person_on_camera,scene_demo,product_closeup,before_after,views*,likes,comments,favorites,shares,completion_rate,avg_watch_time_seconds,five_sec_retention,product_clicks,orders,notes,source_url,engagement_rate[系统],product_click_rate[系统],conversion_rate[系统],duration_band[系统],data_quality_score[系统],record_status[系统]
V001,46193,轻盈Go便携榨汁杯,小家电/便携榨汁杯,50-99元,上班族,15秒打好一杯草莓果昔,15秒，一杯草莓果昔就打好了。把切好的草莓和牛奶放进杯中，双击启动，随手就能带去上班。今天下单享新人券。,15秒，一杯草莓果昔就打好了,15,是,是,是,否,18200,950,84,530,160,0.43,8.8,0.78,1183,97,效果前置；通勤场景,,0.09472527472527473,0.065,0.08199492814877431,11—20秒,1,可分析
V002,46196,轻盈Go便携榨汁杯,小家电/便携榨汁杯,50-99元,健身人群,早上没时间做早餐？,早上赶时间，早餐总是随便对付？前一晚把水果准备好，早上加牛奶双击启动，18秒做完一杯奶昔。点击商品看看容量。,早上赶时间，早餐总是随便对付？,18,是,是,是,否,12600,560,42,270,85,0.33,9.2,0.68,567,43,痛点前置；早餐场景,,0.07595238095238095,0.045,0.07583774250440917,11—20秒,1,可分析
V003,46199,轻盈Go便携榨汁杯,小家电/便携榨汁杯,50-99元,学生,不到一百元的宿舍果汁杯,不到一百元，就能在宿舍随时打果汁。杯体轻，充一次电可以用多次，清洗时加水启动即可。现在领券再下单。,不到一百元，就能在宿舍随时打果汁,16,是,是,是,否,15800,820,75,460,140,0.36,8.5,0.72,1185,90,价格利益前置,,0.09462025316455697,0.075,0.0759493670886076,11—20秒,1,可分析
V004,46202,轻盈Go便携榨汁杯,小家电/便携榨汁杯,50-99元,宝妈,香蕉牛奶从整块到顺滑,看，整块香蕉和牛奶14秒变成顺滑奶昔。刀头可拆洗，杯盖锁紧后放进包里也方便。喜欢这款口感可以点商品页。,整块香蕉和牛奶14秒变成顺滑奶昔,14,是,是,是,是,22100,1210,105,680,220,0.45,8.4,0.81,1437,120,前后对比明显,,0.10022624434389141,0.06502262443438914,0.08350730688935282,11—20秒,1,可分析
V005,46205,轻盈Go便携榨汁杯,小家电/便携榨汁杯,50-99元,通用,六叶刀头和300ml容量介绍,这款榨汁杯采用六叶刀头，容量300毫升，额定功率70瓦，杯身材质轻便。接下来展示按键和充电口，感兴趣可点击查看。,这款榨汁杯采用六叶刀头，容量300毫升,26,否,否,是,否,7200,230,18,80,20,0.22,7.5,0.48,158,10,参数较多；节奏慢,,0.04833333333333333,0.021944444444444444,0.06329113924050633,21—30秒,1,可分析
V006,46208,轻盈Go便携榨汁杯,小家电/便携榨汁杯,50-99元,上班族,办公室想喝果汁但不想排队,办公室想喝果汁又不想排队？把水果放进杯里，午休时18秒就能打好。冲水再启动一次就能完成基础清洗。点击商品查看颜色。,办公室想喝果汁又不想排队？,19,是,是,是,否,9800,410,38,190,65,0.31,9.4,0.66,392,28,痛点+场景,,0.07173469387755102,0.04,0.07142857142857142,11—20秒,1,可分析
V007,46211,轻盈Go便携榨汁杯,小家电/便携榨汁杯,50-99元,健身人群,健身后的蛋白奶昔这样做,17秒，一杯没有明显结块的蛋白奶昔完成。先加液体再加粉，双击启动，喝完后杯子直接带走。今天有满减券。,17秒，一杯没有明显结块的蛋白奶昔完成,17,是,是,是,否,19500,1070,96,590,190,0.41,9.7,0.77,1131,89,效果证明清晰,,0.0997948717948718,0.058,0.07869142351900972,11—20秒,1,可分析
V008,46214,轻盈Go便携榨汁杯,小家电/便携榨汁杯,50-99元,学生,猜猜这一杯成本多少钱,猜猜这杯芒果酸奶在宿舍做要多少钱？放入芒果和酸奶，18秒完成，平均一杯不到店里价格的一半。想看配方可以留言。,猜猜这杯芒果酸奶在宿舍做要多少钱？,18,是,是,是,否,11200,470,45,230,75,0.32,9,0.69,414,27,悬念提问；评论CTA,,0.07321428571428572,0.03696428571428571,0.06521739130434782,11—20秒,1,可分析
V009,46217,轻盈Go便携榨汁杯,小家电/便携榨汁杯,50-99元,上班族,经常加班的人可以试试,经常加班、晚饭不规律的人，可以提前准备水果。回到工位加水双击启动，20秒完成一杯果饮。关注我看更多办公室食谱。,经常加班、晚饭不规律的人，可以提前准备水果,20,是,是,否,否,10400,450,51,210,58,0.3,9.6,0.65,385,28,人群点名；关注CTA,,0.0739423076923077,0.03701923076923077,0.07272727272727272,11—20秒,1,可分析
V010,46220,轻盈Go便携榨汁杯,小家电/便携榨汁杯,50-99元,学生,一杯奶茶的钱换一只榨汁杯,一杯奶茶的钱，就能把这只便携榨汁杯带回宿舍。果汁、奶昔都能做，杯体小巧不占桌面。新人券今天可用。,一杯奶茶的钱，就能把这只便携榨汁杯带回宿舍,15,是,是,是,否,17300,900,83,510,170,0.35,8.1,0.74,1280,102,低价利益点突出,,0.0961271676300578,0.07398843930635839,0.0796875,11—20秒,1,可分析
V011,46223,轻盈Go便携榨汁杯,小家电/便携榨汁杯,50-99元,通用,一键自清洗实测,只加清水，启动13秒，杯壁上的果肉残留就被带下来。再冲洗一次即可，日常使用更省事。点击商品页查看清洗说明。,只加清水，启动13秒，杯壁上的果肉残留就被带下来,13,是,是,是,是,24800,1450,130,780,250,0.44,7.9,0.83,1538,135,效果前置；清洗效果,,0.10524193548387097,0.06201612903225807,0.08777633289986995,11—20秒,1,可分析
V012,46225,轻盈Go便携榨汁杯,小家电/便携榨汁杯,50-99元,宝妈,孩子不爱直接吃水果怎么办,孩子不爱直接吃水果怎么办？把香蕉、草莓和牛奶放进去，17秒打成奶昔，口感更细。购买前请根据孩子年龄选择食材。点击查看杯体容量。,孩子不爱直接吃水果怎么办？,17,是,是,是,否,13100,610,57,290,90,0.34,9.1,0.7,616,49,痛点前置；避免功效承诺,,0.0799236641221374,0.04702290076335878,0.07954545454545454,11—20秒,1,可分析
V013,46227,轻盈Go便携榨汁杯,小家电/便携榨汁杯,50-99元,通用,电池容量和刀头结构详解,先介绍电池容量、转速和六叶刀头结构，再展示杯盖、安全锁和充电接口。视频最后演示一次基础搅打。需要参数表可私信。,先介绍电池容量、转速和六叶刀头结构,32,否,否,是,否,6800,190,15,64,18,0.2,7.8,0.42,143,9,参数前置；时长偏长,,0.042205882352941176,0.021029411764705883,0.06293706293706294,>30秒,1,可分析
V014,46229,轻盈Go便携榨汁杯,小家电/便携榨汁杯,50-99元,上班族,我的通勤早餐从手忙脚乱开始,以前我每天早上都来不及吃早餐，后来会提前切好水果。出门前用便携杯打好，路上就能带着喝。最后展示清洗和收纳，点击查看同款。,以前我每天早上都来不及吃早餐,29,是,是,是,否,8900,340,36,170,55,0.27,9.3,0.58,276,19,故事场景；时长较长,,0.06752808988764045,0.031011235955056178,0.06884057971014493,21—30秒,1,可分析
V015,46231,轻盈Go便携榨汁杯,小家电/便携榨汁杯,50-99元,健身人群,为什么先加水再加粉,为什么做蛋白奶昔要先加水再加粉？顺序换一下，搅打时更容易均匀。16秒展示两种顺序的差别，想看比例可以评论。,为什么做蛋白奶昔要先加水再加粉？,16,是,是,是,是,12100,520,49,260,82,0.33,8.7,0.71,460,32,提问+对比,,0.0752892561983471,0.03801652892561983,0.06956521739130435,11—20秒,1,可分析
V016,46233,轻盈Go便携榨汁杯,小家电/便携榨汁杯,50-99元,学生,冰香蕉奶昔17秒完成,冰香蕉加牛奶，18秒打到顺滑状态。镜头近距离展示搅打前后，再把杯子放进书包侧袋。领取学生新人券后再下单。,冰香蕉加牛奶，18秒打到顺滑状态,18,是,是,是,是,20700,1180,112,640,210,0.42,10.1,0.79,1242,102,效果前置；优惠CTA,,0.10347826086956521,0.06,0.0821256038647343,11—20秒,1,可分析
V017,46235,轻盈Go便携榨汁杯,小家电/便携榨汁杯,50-99元,上班族,限时券后79元的便携果汁杯,限时券后79元，杯子、杯盖和充电线一起到手。现场做一杯苹果汁，展示容量和清洗步骤。优惠结束前可点击领取。,限时券后79元,19,是,是,是,否,16500,860,78,480,150,0.34,9.4,0.73,1205,91,价格优惠前置,,0.09503030303030303,0.07303030303030303,0.07551867219917012,11—20秒,1,可分析
V018,46236,轻盈Go便携榨汁杯,小家电/便携榨汁杯,50-99元,学生,宿舍空间太小放不下大机器,宿舍桌面太小，放不下大料理机？这只杯子收纳占用空间少，22秒展示搅打、饮用和清洗全过程。点击商品页查看尺寸。,宿舍桌面太小，放不下大料理机？,22,是,是,是,否,10900,460,44,230,70,0.3,9.8,0.62,382,26,痛点前置；略长,,0.07376146788990826,0.03504587155963303,0.06806282722513089,21—30秒,1,可分析
V019,46237,轻盈Go便携榨汁杯,小家电/便携榨汁杯,50-99元,通用,杯身材质与接口逐项说明,先看杯身材质，再看杯盖密封圈、充电接口和按键逻辑，最后24秒处展示搅打效果。感兴趣可以点击参数页。,先看杯身材质，再看杯盖密封圈、充电接口和按键逻辑,24,否,否,是,否,7500,220,20,75,25,0.23,7.7,0.5,180,12,参数前置,,0.04533333333333334,0.024,0.06666666666666667,21—30秒,1,可分析
V020,46238,轻盈Go便携榨汁杯,小家电/便携榨汁杯,50-99元,健身人群,刚开始健身的上班族看这里,刚开始健身、又总在外面买饮料的上班族看这里。水果和牛奶提前分装，18秒完成一杯奶昔。关注后回复“配方”查看组合。,刚开始健身、又总在外面买饮料的上班族看这里,18,是,是,否,否,11700,500,55,245,80,0.31,8.9,0.67,456,34,人群点名；关注+评论,,0.07521367521367521,0.038974358974358976,0.07456140350877193,11—20秒,1,可分析